name,count,kinds,files
new,90,fn,AiDENs/crates/aidens-tool-kit/src/lib.rs;AiDENs/crates/aidens-tool-kit/src/lib.rs;AiDENs/crates/aidens-runner/src/lib.rs;AiDENs/crates/aidens-runner/src/lib.rs;AiDENs/crates/aidens-receipts/src/lib.rs;AiDENs/crates/aidens-provider-kit/src/lib.rs;AiDENs/crates/aidens-provider-kit/src/lib.rs;AiDENs/crates/aidens-provider-kit/src/lib.rs;AiDENs/crates/aidens-provider-kit/src/lib.rs;AiDENs/crates/aidens-provider-kit/src/lib.rs;AiDENs/crates/aidens-permit-kit/src/lib.rs;AiDENs/crates/aidens-memory-kit/src/lib.rs;AiDENs/crates/aidens-contracts/src/lib.rs;AiDENs/crates/aidens-contracts/src/lib.rs;AiDENs/crates/aidens-contracts/src/lib.rs;AiDENs/crates/aidens-contracts/src/lib.rs;AiDENs/crates/aidens-contracts/src/lib.rs;AiDENs/crates/aidens-contracts/src/lib.rs;AiDENs/crates/aidens-contracts/src/lib.rs;AiDENs/crates/aidens-contracts/src/lib.rs
denied,5,fn,AiDENs/crates/aidens-contracts/src/lib.rs;AiDENs/crates/aidens-contracts/src/lib.rs;AiDENs/crates/aidens-contracts/src/lib.rs;AiDENs/crates/aidens-contracts/src/lib.rs;AiDENs/crates/aidens-contracts/src/lib.rs
open,4,fn,AiDENs/crates/aidens-receipts/src/lib.rs;AiDENs/crates/aidens-queue-kit/src/lib.rs;AiDENs/crates/aidens-memory-kit/src/lib.rs;AiDENs/crates/aidens-daemon-kit/src/lib.rs
blocked,4,fn,AiDENs/crates/aidens-contracts/src/lib.rs;AiDENs/crates/aidens-contracts/src/lib.rs;AiDENs/crates/aidens-contracts/src/lib.rs;AiDENs/crates/aidens-contracts/src/lib.rs
blocks_completion,4,fn,AiDENs/crates/aidens-contracts/src/lib.rs;AiDENs/crates/aidens-contracts/src/lib.rs;AiDENs/crates/aidens-contracts/src/lib.rs;AiDENs/crates/aidens-contracts/src/lib.rs
tool_ids,3,fn,AiDENs/crates/aidens-tool-kit/src/lib.rs;AiDENs/crates/aidens-runner/src/lib.rs;AiDENs/crates/aidens-app-kit/src/lib.rs
executable_tool_ids,3,fn,AiDENs/crates/aidens-tool-kit/src/lib.rs;AiDENs/crates/aidens-runner/src/lib.rs;AiDENs/crates/aidens-app-kit/src/lib.rs
is_empty,3,fn,AiDENs/crates/aidens-tool-kit/src/lib.rs;AiDENs/crates/aidens-runner/src/lib.rs;AiDENs/crates/aidens-config/src/lib.rs
run,3,fn,AiDENs/crates/aidens-runner/src/lib.rs;AiDENs/crates/aidens-cli/src/lib.rs;AiDENs/crates/aidens-app-kit/src/lib.rs
tools,3,fn,AiDENs/crates/aidens-runner/src/lib.rs;AiDENs/crates/aidens-app-kit/src/lib.rs;AiDENs/crates/aidens-app-kit/src/lib.rs
build,3,fn,AiDENs/crates/aidens-runner/src/lib.rs;AiDENs/crates/aidens-app-kit/src/lib.rs;AiDENs/crates/aidens-app-kit/src/lib.rs
complete,3,fn,AiDENs/crates/aidens-daemon-kit/src/lib.rs;AiDENs/crates/aidens-contracts/src/lib.rs;AiDENs/crates/aidens-contracts/src/lib.rs
allowed,3,fn,AiDENs/crates/aidens-contracts/src/lib.rs;AiDENs/crates/aidens-contracts/src/lib.rs;AiDENs/crates/aidens-contracts/src/lib.rs
started,3,fn,AiDENs/crates/aidens-contracts/src/lib.rs;AiDENs/crates/aidens-contracts/src/lib.rs;AiDENs/crates/aidens-contracts/src/lib.rs
with_execution_context,3,fn,AiDENs/crates/aidens-contracts/src/lib.rs;AiDENs/crates/aidens-contracts/src/lib.rs;AiDENs/crates/aidens-contracts/src/lib.rs
is_replayable,3,fn,AiDENs/crates/aidens-contracts/src/lib.rs;AiDENs/crates/aidens-contracts/src/lib.rs;AiDENs/crates/aidens-contracts/src/lib.rs
failed,3,fn,AiDENs/crates/aidens-contracts/src/lib.rs;AiDENs/crates/aidens-contracts/src/lib.rs;AiDENs/crates/aidens-contracts/src/lib.rs
canonical_backpointer,3,fn,AiDENs/crates/aidens-contracts/src/lib.rs;AiDENs/crates/aidens-contracts/src/lib.rs;AiDENs/crates/aidens-contracts/src/lib.rs
with_permit_policy,2,fn,AiDENs/crates/aidens-tool-kit/src/lib.rs;AiDENs/crates/aidens-tool-kit/src/lib.rs
with_sandbox_root,2,fn,AiDENs/crates/aidens-tool-kit/src/lib.rs;AiDENs/crates/aidens-tool-kit/src/lib.rs
len,2,fn,AiDENs/crates/aidens-tool-kit/src/lib.rs;AiDENs/crates/aidens-runner/src/lib.rs
output_text,2,fn,AiDENs/crates/aidens-tool-kit/src/lib.rs;AiDENs/crates/aidens-contracts/src/lib.rs
with_approval_request,2,fn,AiDENs/crates/aidens-tool-kit/src/lib.rs;AiDENs/crates/aidens-contracts/src/lib.rs
builder,2,fn,AiDENs/crates/aidens-runner/src/lib.rs;AiDENs/crates/aidens-app-kit/src/lib.rs
run_reports,2,fn,AiDENs/crates/aidens-runner/src/lib.rs;AiDENs/crates/aidens-runner/src/lib.rs
receipt_level,2,fn,AiDENs/crates/aidens-runner/src/lib.rs;AiDENs/crates/aidens-runner/src/lib.rs
canonical_receipt_log_config,2,fn,AiDENs/crates/aidens-runner/src/lib.rs;AiDENs/crates/aidens-runner/src/lib.rs
provider_route,2,fn,AiDENs/crates/aidens-runner/src/lib.rs;AiDENs/crates/aidens-app-kit/src/lib.rs
provider_spec,2,fn,AiDENs/crates/aidens-runner/src/lib.rs;AiDENs/crates/aidens-app-kit/src/lib.rs
mock_provider,2,fn,AiDENs/crates/aidens-runner/src/lib.rs;AiDENs/crates/aidens-app-kit/src/lib.rs
verify_digest,2,fn,AiDENs/crates/aidens-receipts/src/lib.rs;AiDENs/crates/aidens-receipts/src/lib.rs
open_read_only,2,fn,AiDENs/crates/aidens-queue-kit/src/lib.rs;AiDENs/crates/aidens-daemon-kit/src/lib.rs
namespace,2,fn,AiDENs/crates/aidens-queue-kit/src/lib.rs;AiDENs/crates/aidens-daemon-kit/src/lib.rs
enqueue_job,2,fn,AiDENs/crates/aidens-queue-kit/src/lib.rs;AiDENs/crates/aidens-daemon-kit/src/lib.rs
set_safe_mode,2,fn,AiDENs/crates/aidens-queue-kit/src/lib.rs;AiDENs/crates/aidens-daemon-kit/src/lib.rs
snapshot,2,fn,AiDENs/crates/aidens-queue-kit/src/lib.rs;AiDENs/crates/aidens-daemon-kit/src/lib.rs
canonical_operator_metadata,2,fn,AiDENs/crates/aidens-kernel-kit/src/lib.rs;AiDENs/crates/aidens-kernel-kit/src/lib.rs
conformance_gate_ids,2,fn,AiDENs/crates/aidens-kernel-kit/src/lib.rs;AiDENs/crates/aidens-kernel-kit/src/lib.rs
scoped,2,fn,AiDENs/crates/aidens-contracts/src/lib.rs;AiDENs/crates/aidens-contracts/src/lib.rs
for_execution_context,2,fn,AiDENs/crates/aidens-contracts/src/lib.rs;AiDENs/crates/aidens-contracts/src/lib.rs
is_terminal,2,fn,AiDENs/crates/aidens-contracts/src/lib.rs;AiDENs/crates/aidens-contracts/src/lib.rs
with_evidence,2,fn,AiDENs/crates/aidens-contracts/src/lib.rs;AiDENs/crates/aidens-contracts/src/lib.rs
timeless,2,fn,AiDENs/crates/aidens-contracts/src/lib.rs;AiDENs/crates/aidens-contracts/src/lib.rs
is_time_scoped,2,fn,AiDENs/crates/aidens-contracts/src/lib.rs;AiDENs/crates/aidens-contracts/src/lib.rs
with_command,2,fn,AiDENs/crates/aidens-contracts/src/lib.rs;AiDENs/crates/aidens-contracts/src/lib.rs
passed,2,fn,AiDENs/crates/aidens-contracts/src/lib.rs;AiDENs/crates/aidens-contracts/src/lib.rs
blocks_release,2,fn,AiDENs/crates/aidens-contracts/src/lib.rs;AiDENs/crates/aidens-contracts/src/lib.rs
is_satisfied,2,fn,AiDENs/crates/aidens-contracts/src/lib.rs;AiDENs/crates/aidens-contracts/src/lib.rs
is_blocked,2,fn,AiDENs/crates/aidens-contracts/src/lib.rs;AiDENs/crates/aidens-contracts/src/lib.rs
rejected,2,fn,AiDENs/crates/aidens-contracts/src/lib.rs;AiDENs/crates/aidens-contracts/src/lib.rs
validate,2,fn,AiDENs/crates/aidens-contracts/src/lib.rs;AiDENs/crates/aidens-config/src/lib.rs
list_tools,2,fn,AiDENs/crates/aidens-cli/src/lib.rs;AiDENs/crates/aidens-app-kit/src/lib.rs
inspect_tools,2,fn,AiDENs/crates/aidens-cli/src/lib.rs;AiDENs/crates/aidens-app-kit/src/lib.rs
receipt_ids,2,fn,AiDENs/crates/aidens-agency-kit/src/lib.rs;AiDENs/crates/aidens-agency-kit/src/lib.rs
receipt_schema_names,2,fn,AiDENs/crates/aidens-agency-kit/src/lib.rs;AiDENs/crates/aidens-agency-kit/src/lib.rs
