sha256,size,count,archives,files
d69e64c595b9511f46b15bc219d526a7f342754942935134731a5cb1589dc4fb,15326,2,libraries;libraries2,"[{""archive"": ""libraries"", ""path"": ""federated-settlement/src/lib.rs"", ""size"": 15326}, {""archive"": ""libraries2"", ""path"": ""federated-settlement/src/lib.rs"", ""size"": 15326}]"
c13ce6ba86cba0ede9bf50dd02f596c22ec076615508637a2adedd6e05cdfa68,13611,2,libraries;libraries2,"[{""archive"": ""libraries"", ""path"": ""profile-runtime/src/rules.rs"", ""size"": 13611}, {""archive"": ""libraries2"", ""path"": ""profile-runtime/src/rules.rs"", ""size"": 13611}]"
ce9c78761998532fd348a862cc1b04ac66661963722802eb6fc00f51807e2671,9794,2,libraries;libraries2,"[{""archive"": ""libraries"", ""path"": ""profile-runtime/src/constitution.rs"", ""size"": 9794}, {""archive"": ""libraries2"", ""path"": ""profile-runtime/src/constitution.rs"", ""size"": 9794}]"
b5032db4030554ad638ac8e9c1cb69204f0339c271ba4ff99281367357ed52f0,9435,2,libraries;libraries2,"[{""archive"": ""libraries"", ""path"": ""profile-runtime/src/profile_set.rs"", ""size"": 9435}, {""archive"": ""libraries2"", ""path"": ""profile-runtime/src/profile_set.rs"", ""size"": 9435}]"
c8a5ce841d9e3631d5a662805a29cb859d5713617b574ffe104fe53bfbcc85e6,6141,2,libraries;libraries2,"[{""archive"": ""libraries"", ""path"": ""profile-runtime/tests/reference_composition.rs"", ""size"": 6141}, {""archive"": ""libraries2"", ""path"": ""profile-runtime/tests/reference_composition.rs"", ""size"": 6141}]"
ec3764e4cc66b8787dd0b3414f4d51bd64ea517f1833d819b998a9d4b4447fff,4082,2,libraries;libraries2,"[{""archive"": ""libraries"", ""path"": ""profile-runtime/tests/example_roundtrip.rs"", ""size"": 4082}, {""archive"": ""libraries2"", ""path"": ""profile-runtime/tests/example_roundtrip.rs"", ""size"": 4082}]"
51655c2284ea0bfd9ce4a2251a04c5ea5463dd02d63e4b4b407d18a555de3b5e,3928,2,libraries;libraries2,"[{""archive"": ""libraries"", ""path"": ""remote-oracle-admission/tests/v25_local_constitution_refs.rs"", ""size"": 3928}, {""archive"": ""libraries2"", ""path"": ""remote-oracle-admission/tests/v25_local_constitution_refs.rs"", ""size"": 3928}]"
aae090fbb2c4ab72806e386dada1e5324853b4daffd47b15279657370625b96f,3879,2,libraries;libraries2,"[{""archive"": ""libraries"", ""path"": ""profile-runtime/src/applicability.rs"", ""size"": 3879}, {""archive"": ""libraries2"", ""path"": ""profile-runtime/src/applicability.rs"", ""size"": 3879}]"
f0b6a4ba9b19786e1c66870fae9061ea8600a97bed24a1bcb4e40cfd99b633c0,3874,2,libraries;libraries2,"[{""archive"": ""libraries"", ""path"": ""remote-oracle-admission/tests/validation_tests.rs"", ""size"": 3874}, {""archive"": ""libraries2"", ""path"": ""remote-oracle-admission/tests/validation_tests.rs"", ""size"": 3874}]"
784db8d312e8b2330a024ec85513d0c6566da79d8cd728c39f51bf76a6f9e991,3642,2,libraries;libraries2,"[{""archive"": ""libraries"", ""path"": ""federated-settlement/tests/v25_local_constitution_refs.rs"", ""size"": 3642}, {""archive"": ""libraries2"", ""path"": ""federated-settlement/tests/v25_local_constitution_refs.rs"", ""size"": 3642}]"
daf9f4b693efd70448b120af5c710b60dd22218a559a940263cd81721c160037,3560,2,libraries;libraries2,"[{""archive"": ""libraries"", ""path"": ""profile-runtime/tests/fixture_conformance.rs"", ""size"": 3560}, {""archive"": ""libraries2"", ""path"": ""profile-runtime/tests/fixture_conformance.rs"", ""size"": 3560}]"
4d41c2749d1934b57c1aff5987e0386608a83bc53ed453fa0b6c8604b8ab304c,3080,2,libraries2,"[{""archive"": ""libraries2"", ""path"": ""repo_overlay/snippets/contract_schema_gen_profile_registry.rs"", ""size"": 3080}, {""archive"": ""libraries2"", ""path"": ""snippets/contract_schema_gen_profile_registry.rs"", ""size"": 3080}]"
3a377c91f93b7f872bf5276131d942e20951a28d452db5fe71263d3fe94efd66,2566,2,libraries2,"[{""archive"": ""libraries2"", ""path"": ""attestation-exchange/src/lib.rs"", ""size"": 2566}, {""archive"": ""libraries2"", ""path"": ""repo_overlay/attestation-exchange/src/lib.rs"", ""size"": 2566}]"
80e0b8b20803ccdf793b06b901156db6dfa6c23141c7fc7e15ecc731a3f11da0,2291,2,libraries;libraries2,"[{""archive"": ""libraries"", ""path"": ""assurance-runtime/src/profile_p5_hazard.rs"", ""size"": 2291}, {""archive"": ""libraries2"", ""path"": ""repo_overlay/assurance-runtime/src/profile_p5_hazard.rs"", ""size"": 2291}]"
acbd583284a13ab3a87fab06b74e6186a6bee802a0a09d78b868da171c8a4587,2290,2,libraries;libraries2,"[{""archive"": ""libraries"", ""path"": ""assurance-runtime/src/profile_p4_regulated.rs"", ""size"": 2290}, {""archive"": ""libraries2"", ""path"": ""repo_overlay/assurance-runtime/src/profile_p4_regulated.rs"", ""size"": 2290}]"
dc7d5503a984c2f937955d204a555cce87f63e58f2c8face13b6ee95596e1af5,2175,2,libraries2,"[{""archive"": ""libraries2"", ""path"": ""attestation-exchange/src/profile_p6_vendor.rs"", ""size"": 2175}, {""archive"": ""libraries2"", ""path"": ""repo_overlay/attestation-exchange/src/profile_p6_vendor.rs"", ""size"": 2175}]"
7186b4bd569c148f68503cb14a10b0546cde34ebef8677d877087d31fc48f89c,2065,2,libraries;libraries2,"[{""archive"": ""libraries"", ""path"": ""discovery-portfolio/tests/portfolio_slice.rs"", ""size"": 2065}, {""archive"": ""libraries2"", ""path"": ""discovery-portfolio/tests/portfolio_slice.rs"", ""size"": 2065}]"
81fbb601c1a6aee6462ce29234ee3b45fe379ac68e58fac84f949644461ec8d5,1849,2,libraries;libraries2,"[{""archive"": ""libraries"", ""path"": ""profile-runtime/src/exception.rs"", ""size"": 1849}, {""archive"": ""libraries2"", ""path"": ""profile-runtime/src/exception.rs"", ""size"": 1849}]"
d809386d955ebe875337e6dfd2ded77ee21787489f56ada546d478a0b0191fb1,1445,2,libraries;libraries2,"[{""archive"": ""libraries"", ""path"": ""discovery-portfolio/tests/budget_exhaustion_slice.rs"", ""size"": 1445}, {""archive"": ""libraries2"", ""path"": ""discovery-portfolio/tests/budget_exhaustion_slice.rs"", ""size"": 1445}]"
adb67fb65e1034a22cf771881dcb3dd9eab90f4ba2439f645d4071eaca763088,1425,2,libraries;libraries2,"[{""archive"": ""libraries"", ""path"": ""discovery-portfolio/tests/value_aware_selection_slice.rs"", ""size"": 1425}, {""archive"": ""libraries2"", ""path"": ""discovery-portfolio/tests/value_aware_selection_slice.rs"", ""size"": 1425}]"
21a4c5bb653df13d8e45c23628d3fcbfbd1e3aeb50b44bc885379afd60aef731,1406,2,libraries2,"[{""archive"": ""libraries2"", ""path"": ""repo_overlay/snippets/stack_ids_profile_additions.rs"", ""size"": 1406}, {""archive"": ""libraries2"", ""path"": ""snippets/stack_ids_profile_additions.rs"", ""size"": 1406}]"
74780cb66332f20bd3cbeb4ce5bb7204483a9f243c87be44f8874a3af153bbb2,1317,2,libraries2,"[{""archive"": ""libraries2"", ""path"": ""scaffolds/remote-oracle-admission/src/dispute.rs"", ""size"": 1317}, {""archive"": ""libraries2"", ""path"": ""scaffolds/verification-control/src/dispute.rs"", ""size"": 1317}]"
ad291057479ac0c2a3dbf3d6082775966d05b0a6fa33cec94d9f7f26ef46ffa5,1176,2,libraries;libraries2,"[{""archive"": ""libraries"", ""path"": ""profile-runtime/tests/fixture_manifest.rs"", ""size"": 1176}, {""archive"": ""libraries2"", ""path"": ""profile-runtime/tests/fixture_manifest.rs"", ""size"": 1176}]"
914d773e87bd2cd0a5884b3393fa70608b237fc652fadb6d0531590743224c2e,632,2,libraries;libraries2,"[{""archive"": ""libraries"", ""path"": ""profile-runtime/src/lib.rs"", ""size"": 632}, {""archive"": ""libraries2"", ""path"": ""profile-runtime/src/lib.rs"", ""size"": 632}]"
a06c44f6457335069fca11ed1c291e4dcf33fd450d7e7648faa74f4ca0213e63,598,2,libraries2,"[{""archive"": ""libraries2"", ""path"": ""repo_overlay/snippets/verification_policy_profile_catalog.rs"", ""size"": 598}, {""archive"": ""libraries2"", ""path"": ""snippets/verification_policy_profile_catalog.rs"", ""size"": 598}]"
78be4ab47f0e0895f843e6e31519a572959232bfc3dbece1857f4c7eb11c3787,413,2,libraries2,"[{""archive"": ""libraries2"", ""path"": ""attestation-exchange/Cargo.toml"", ""size"": 413}, {""archive"": ""libraries2"", ""path"": ""repo_overlay/attestation-exchange/Cargo.toml"", ""size"": 413}]"
