type_name,kind,owner,file,line,definition_kind,pub_use
AgentSpecSupportLabelV1,enum,aidens-contracts,crates/aidens-contracts/src/agent_bundle.rs,9,local_def,
AgentProviderModeV1,enum,aidens-contracts,crates/aidens-contracts/src/agent_bundle.rs,35,local_def,
AgentMemoryModeV1,enum,aidens-contracts,crates/aidens-contracts/src/agent_bundle.rs,51,local_def,
AgentPermitRuleV1,enum,aidens-contracts,crates/aidens-contracts/src/agent_bundle.rs,67,local_def,
AgentVerificationCheckV1,enum,aidens-contracts,crates/aidens-contracts/src/agent_bundle.rs,74,local_def,
AgentSpecProviderPolicyV1,struct,aidens-contracts,crates/aidens-contracts/src/agent_bundle.rs,82,local_def,
AgentSpecMemoryPolicyV1,struct,aidens-contracts,crates/aidens-contracts/src/agent_bundle.rs,89,local_def,
AgentSpecToolPolicyV1,struct,aidens-contracts,crates/aidens-contracts/src/agent_bundle.rs,96,local_def,
AgentSpecPermitPolicyV1,struct,aidens-contracts,crates/aidens-contracts/src/agent_bundle.rs,102,local_def,
AgentSpecVerificationPolicyV1,struct,aidens-contracts,crates/aidens-contracts/src/agent_bundle.rs,109,local_def,
AgentSpecEvidencePolicyV1,struct,aidens-contracts,crates/aidens-contracts/src/agent_bundle.rs,115,local_def,
AgentSpecBudgetPolicyV1,struct,aidens-contracts,crates/aidens-contracts/src/agent_bundle.rs,123,local_def,
AgentSpecV1,struct,aidens-contracts,crates/aidens-contracts/src/agent_bundle.rs,130,local_def,
AiDENsRunSupportTierEvidenceV1,struct,aidens-contracts,crates/aidens-contracts/src/agent_bundle.rs,263,local_def,
AiDENsRunBundleV2,struct,aidens-contracts,crates/aidens-contracts/src/agent_bundle.rs,276,local_def,
AiDENsRunBundleV3,struct,aidens-contracts,crates/aidens-contracts/src/agent_bundle.rs,382,local_def,
AiDENsAppPlanV1,struct,aidens-contracts,crates/aidens-contracts/src/app_status.rs,4,local_def,
AiDENsCompiledPlanV1,struct,aidens-contracts,crates/aidens-contracts/src/app_status.rs,18,local_def,
AiDENsDoctorReportV1,struct,aidens-contracts,crates/aidens-contracts/src/app_status.rs,29,local_def,
ApiHonestyOutcomeV1,enum,aidens-contracts,crates/aidens-contracts/src/app_status.rs,50,local_def,
ApiHonestyReportV1,struct,aidens-contracts,crates/aidens-contracts/src/app_status.rs,57,local_def,
ConfigApplyReportV1,struct,aidens-contracts,crates/aidens-contracts/src/app_status.rs,130,local_def,
ConfigApplyReportDraftV1,struct,aidens-contracts,crates/aidens-contracts/src/app_status.rs,148,local_def,
PlanRuntimeParityCheckKindV1,enum,aidens-contracts,crates/aidens-contracts/src/app_status.rs,184,local_def,
PlanRuntimeParityCheckV1,struct,aidens-contracts,crates/aidens-contracts/src/app_status.rs,203,local_def,
PlanRuntimeParityReportV1,struct,aidens-contracts,crates/aidens-contracts/src/app_status.rs,228,local_def,
CrateImplementationStatusV1,enum,aidens-contracts,crates/aidens-contracts/src/app_status.rs,267,local_def,
SourceBasisLockV1,struct,aidens-contracts,crates/aidens-contracts/src/app_status.rs,284,local_def,
CrateSurfaceStatusV1,struct,aidens-contracts,crates/aidens-contracts/src/app_status.rs,317,local_def,
ScaffoldSurfaceReportV1,struct,aidens-contracts,crates/aidens-contracts/src/app_status.rs,348,local_def,
FakeReadyFindingV1,struct,aidens-contracts,crates/aidens-contracts/src/app_status.rs,380,local_def,
SuperPassDispositionV1,enum,aidens-contracts,crates/aidens-contracts/src/app_status.rs,408,local_def,
SuperPassStatusV1,struct,aidens-contracts,crates/aidens-contracts/src/app_status.rs,417,local_def,
RiskDisclosureV1,struct,aidens-contracts,crates/aidens-contracts/src/app_status.rs,501,local_def,
MemoryModeV1,enum,aidens-contracts,crates/aidens-contracts/src/app_status.rs,510,local_def,
ReportLevelV1,enum,aidens-contracts,crates/aidens-contracts/src/app_status.rs,528,local_def,
ArtifactLifecycleStateV1,enum,aidens-contracts,crates/aidens-contracts/src/artifact.rs,10,local_def,
ArtifactAuthorityClassV1,enum,aidens-contracts,crates/aidens-contracts/src/artifact.rs,29,local_def,
ArtifactEnvelopeV1,struct,aidens-contracts,crates/aidens-contracts/src/artifact.rs,39,local_def,
ArtifactManifestEntryV1,struct,aidens-contracts,crates/aidens-contracts/src/artifact.rs,141,local_def,
ArtifactManifestV1,struct,aidens-contracts,crates/aidens-contracts/src/artifact.rs,163,local_def,
MissingOrOpaqueRefRecordV1,struct,aidens-contracts,crates/aidens-contracts/src/artifact.rs,233,local_def,
ArtifactTransitionReceiptV1,struct,aidens-contracts,crates/aidens-contracts/src/artifact.rs,258,local_def,
BoundaryCompilerProfileV1,struct,aidens-contracts,crates/aidens-contracts/src/boundary.rs,9,local_def,
TreatmentIntegrityReceiptV1,struct,aidens-contracts,crates/aidens-contracts/src/boundary.rs,53,local_def,
BoundaryRepairReceiptV1,struct,aidens-contracts,crates/aidens-contracts/src/boundary.rs,107,local_def,
BoundaryCompileReceiptV1,struct,aidens-contracts,crates/aidens-contracts/src/boundary.rs,153,local_def,
ConformanceRunReceiptV1,struct,aidens-contracts,crates/aidens-contracts/src/boundary.rs,234,local_def,
ConformanceFixtureResultV1,struct,aidens-contracts,crates/aidens-contracts/src/boundary.rs,249,local_def,
ConformanceEnvironmentV1,struct,aidens-contracts,crates/aidens-contracts/src/boundary.rs,263,local_def,
PoisonReportEntryV1,struct,aidens-contracts,crates/aidens-contracts/src/capability_turn.rs,8,local_def,
ExecutionLineageGraphV1,struct,aidens-contracts,crates/aidens-contracts/src/capability_turn.rs,42,local_def,
ExecutionLineageNodeV1,struct,aidens-contracts,crates/aidens-contracts/src/capability_turn.rs,68,local_def,
ExecutionLineageEdgeV1,struct,aidens-contracts,crates/aidens-contracts/src/capability_turn.rs,75,local_def,
ToolLifecycleStateV1,enum,aidens-contracts,crates/aidens-contracts/src/capability_turn.rs,83,local_def,
CapabilityGateOutcomeV1,enum,aidens-contracts,crates/aidens-contracts/src/capability_turn.rs,98,local_def,
CapabilityGateDecisionV1,struct,aidens-contracts,crates/aidens-contracts/src/capability_turn.rs,105,local_def,
CapabilityGateDecisionDraftV1,struct,aidens-contracts,crates/aidens-contracts/src/capability_turn.rs,173,local_def,
PermitGrantV1,struct,aidens-contracts,crates/aidens-contracts/src/capability_turn.rs,193,local_def,
ApprovalRequestV1,struct,aidens-contracts,crates/aidens-contracts/src/capability_turn.rs,303,local_def,
ApprovalDecisionV1,struct,aidens-contracts,crates/aidens-contracts/src/capability_turn.rs,375,local_def,
PermitUseReportV1,struct,aidens-contracts,crates/aidens-contracts/src/capability_turn.rs,421,local_def,
TurnModeV1,enum,aidens-contracts,crates/aidens-contracts/src/capability_turn.rs,486,local_def,
ToolCallSourceV1,enum,aidens-contracts,crates/aidens-contracts/src/capability_turn.rs,508,local_def,
ToolCallRequestV1,struct,aidens-contracts,crates/aidens-contracts/src/capability_turn.rs,514,local_def,
ToolCallResultV1,struct,aidens-contracts,crates/aidens-contracts/src/capability_turn.rs,558,local_def,
TurnExecutionPlanV1,struct,aidens-contracts,crates/aidens-contracts/src/capability_turn.rs,610,local_def,
TurnFinalStateV1,enum,aidens-contracts,crates/aidens-contracts/src/capability_turn.rs,651,local_def,
TurnReportV1,struct,aidens-contracts,crates/aidens-contracts/src/capability_turn.rs,661,local_def,
StopRuleV1,enum,aidens-contracts,crates/aidens-contracts/src/capability_turn.rs,741,local_def,
StopRuleReportV1,struct,aidens-contracts,crates/aidens-contracts/src/capability_turn.rs,754,local_def,
BudgetExhaustionReportV1,struct,aidens-contracts,crates/aidens-contracts/src/capability_turn.rs,786,local_def,
BudgetExhaustionReportDraftV1,struct,aidens-contracts,crates/aidens-contracts/src/capability_turn.rs,822,local_def,
ToolInvocationOutcomeV1,enum,aidens-contracts,crates/aidens-contracts/src/capability_turn.rs,837,local_def,
ToolInvocationReportV1,struct,aidens-contracts,crates/aidens-contracts/src/capability_turn.rs,844,local_def,
ToolAttemptReportV1,type,aidens-contracts,crates/aidens-contracts/src/capability_turn.rs,870,local_def,
RunReportV1,struct,aidens-contracts,crates/aidens-contracts/src/capability_turn.rs,978,local_def,
AiDENsRunFailureClassV1,enum,aidens-contracts,crates/aidens-contracts/src/capability_turn.rs,1049,local_def,
AiDENsRunEventLogDigestV1,struct,aidens-contracts,crates/aidens-contracts/src/capability_turn.rs,1061,local_def,
AiDENsRunBudgetDeadlineV1,struct,aidens-contracts,crates/aidens-contracts/src/capability_turn.rs,1072,local_def,
AiDENsRunReplayNormalizationV1,struct,aidens-contracts,crates/aidens-contracts/src/capability_turn.rs,1085,local_def,
AiDENsRunFailureTaxonomyV1,struct,aidens-contracts,crates/aidens-contracts/src/capability_turn.rs,1096,local_def,
JobStateV1,enum,aidens-contracts,crates/aidens-contracts/src/daemon_queue.rs,9,local_def,
QueueHopKindV1,enum,aidens-contracts,crates/aidens-contracts/src/daemon_queue.rs,27,local_def,
SafeModeOperationV1,enum,aidens-contracts,crates/aidens-contracts/src/daemon_queue.rs,42,local_def,
JobV1,struct,aidens-contracts,crates/aidens-contracts/src/daemon_queue.rs,50,local_def,
QueueLeaseV1,struct,aidens-contracts,crates/aidens-contracts/src/daemon_queue.rs,131,local_def,
ScheduleOccurrenceV1,struct,aidens-contracts,crates/aidens-contracts/src/daemon_queue.rs,182,local_def,
WakeSignalV1,struct,aidens-contracts,crates/aidens-contracts/src/daemon_queue.rs,240,local_def,
DaemonNamespaceV1,struct,aidens-contracts,crates/aidens-contracts/src/daemon_queue.rs,284,local_def,
SafeModeReportV1,struct,aidens-contracts,crates/aidens-contracts/src/daemon_queue.rs,329,local_def,
DuplicateSuppressionReportV1,struct,aidens-contracts,crates/aidens-contracts/src/daemon_queue.rs,373,local_def,
QueueHopReportV1,struct,aidens-contracts,crates/aidens-contracts/src/daemon_queue.rs,406,local_def,
ExecutionCompletionStateV1,enum,aidens-contracts,crates/aidens-contracts/src/execution.rs,10,local_def,
ExecutionContextRefV1,struct,aidens-contracts,crates/aidens-contracts/src/execution.rs,20,local_def,
ExecutionContextEnvelopeV1,struct,aidens-contracts,crates/aidens-contracts/src/execution.rs,27,local_def,
ToolCallReceiptV1,struct,aidens-contracts,crates/aidens-contracts/src/execution.rs,153,local_def,
OperatorInvocationReceiptV1,struct,aidens-contracts,crates/aidens-contracts/src/execution.rs,214,local_def,
CanonicalBackpointerV1,struct,aidens-contracts,crates/aidens-contracts/src/lib.rs,127,local_def,
ArtifactVersion,enum,aidens-contracts,crates/aidens-contracts/src/lib.rs,232,local_def,
AidensRunContextV1,struct,aidens-contracts,crates/aidens-contracts/src/lib.rs,237,local_def,
ArtifactKindV1,enum,aidens-contracts,crates/aidens-contracts/src/lib.rs,271,local_def,
,pub_use,aidens-contracts,crates/aidens-contracts/src/lib.rs,30,pub_use,agent_bundle::*
,pub_use,aidens-contracts,crates/aidens-contracts/src/lib.rs,32,pub_use,app_status::*
,pub_use,aidens-contracts,crates/aidens-contracts/src/lib.rs,33,pub_use,artifact::*
,pub_use,aidens-contracts,crates/aidens-contracts/src/lib.rs,34,pub_use,boundary::*
,pub_use,aidens-contracts,crates/aidens-contracts/src/lib.rs,35,pub_use,capability_turn::*
,pub_use,aidens-contracts,crates/aidens-contracts/src/lib.rs,36,pub_use,daemon_queue::*
,pub_use,aidens-contracts,crates/aidens-contracts/src/lib.rs,37,pub_use,execution::*
,pub_use,aidens-contracts,crates/aidens-contracts/src/lib.rs,38,pub_use,mechanism_display::*
,pub_use,aidens-contracts,crates/aidens-contracts/src/lib.rs,39,pub_use,operator::*
,pub_use,aidens-contracts,crates/aidens-contracts/src/lib.rs,40,pub_use,proof::*
,pub_use,aidens-contracts,crates/aidens-contracts/src/lib.rs,41,pub_use,provider::*
,pub_use,aidens-contracts,crates/aidens-contracts/src/lib.rs,42,pub_use,release_completion::*
,pub_use,aidens-contracts,crates/aidens-contracts/src/lib.rs,43,pub_use,reserved_v11::*
,pub_use,aidens-contracts,crates/aidens-contracts/src/lib.rs,44,pub_use,schema_catalog::*
,pub_use,aidens-contracts,crates/aidens-contracts/src/lib.rs,45,pub_use,semantic::*
,pub_use,aidens-contracts,crates/aidens-contracts/src/lib.rs,46,pub_use,tool_artifacts::*
,pub_use,aidens-contracts,crates/aidens-contracts/src/lib.rs,47,pub_use,view_runtime::*
,pub_use,aidens-contracts,crates/aidens-contracts/src/lib.rs,60,pub_use,kernel_oracles::OracleAssessment as CanonicalOracleAssessment
,pub_use,aidens-contracts,crates/aidens-contracts/src/lib.rs,61,pub_use,llm_tool_runtime::ToolSideEffectClass as CanonicalToolSideEffectClass
,pub_use,aidens-contracts,crates/aidens-contracts/src/lib.rs,62,pub_use,recursive_kernel_core::KernelRun as CanonicalKernelRun
,pub_use,aidens-contracts,crates/aidens-contracts/src/lib.rs,73,pub_use,verification_adjudication::VerificationDisposition as CanonicalVerificationDisposition
,pub_use,aidens-contracts,crates/aidens-contracts/src/lib.rs,84,pub_use,attestation_exchange::AttestationEnvelopeV1
,pub_use,aidens-contracts,crates/aidens-contracts/src/lib.rs,86,pub_use,canonical_stack::CanonicalVerificationDisposition
,pub_use,aidens-contracts,crates/aidens-contracts/src/lib.rs,100,pub_use,"federated_settlement::{SettlementCaseV1, SharedDispositionV1}"
,pub_use,aidens-contracts,crates/aidens-contracts/src/lib.rs,101,pub_use,"mechanism_runtime::{HypothesisLibraryV1, TheoryRefuterSuiteV1, TheoryVersionV1}"
MechanismKindV1,enum,aidens-contracts,crates/aidens-contracts/src/mechanism_display.rs,9,local_def,
TheoryVersionStateV1,enum,aidens-contracts,crates/aidens-contracts/src/mechanism_display.rs,19,local_def,
FitRunOutcomeV1,enum,aidens-contracts,crates/aidens-contracts/src/mechanism_display.rs,30,local_def,
InvarianceVerdictV1,enum,aidens-contracts,crates/aidens-contracts/src/mechanism_display.rs,38,local_def,
TheoryRefuterOutcomeV1,enum,aidens-contracts,crates/aidens-contracts/src/mechanism_display.rs,46,local_def,
EquivalenceDispositionV1,enum,aidens-contracts,crates/aidens-contracts/src/mechanism_display.rs,55,local_def,
MechanismReportDraftV1,struct,aidens-contracts,crates/aidens-contracts/src/mechanism_display.rs,62,local_def,
MechanismReportV1,struct,aidens-contracts,crates/aidens-contracts/src/mechanism_display.rs,121,local_def,
SimulatorContractV1,struct,aidens-contracts,crates/aidens-contracts/src/mechanism_display.rs,254,local_def,
FitRunReportV1,struct,aidens-contracts,crates/aidens-contracts/src/mechanism_display.rs,323,local_def,
InvarianceCheckV1,struct,aidens-contracts,crates/aidens-contracts/src/mechanism_display.rs,432,local_def,
InvarianceReportV1,struct,aidens-contracts,crates/aidens-contracts/src/mechanism_display.rs,464,local_def,
MechanismEquivalenceDecisionV1,struct,aidens-contracts,crates/aidens-contracts/src/mechanism_display.rs,559,local_def,
OperatorEffectV1,enum,aidens-contracts,crates/aidens-contracts/src/operator.rs,12,local_def,
OperatorContractV1,struct,aidens-contracts,crates/aidens-contracts/src/operator.rs,33,local_def,
MaterialOperationRegistryV1,struct,aidens-contracts,crates/aidens-contracts/src/operator.rs,115,local_def,
OperationConformanceReportV1,struct,aidens-contracts,crates/aidens-contracts/src/operator.rs,200,local_def,
ProofUseRestrictionV1,enum,aidens-contracts,crates/aidens-contracts/src/proof.rs,10,local_def,
ProofObligationV1,struct,aidens-contracts,crates/aidens-contracts/src/proof.rs,18,local_def,
LocalProofProfileV1,struct,aidens-contracts,crates/aidens-contracts/src/proof.rs,55,local_def,
ProofDebtItemV1,struct,aidens-contracts,crates/aidens-contracts/src/proof.rs,96,local_def,
ProofDebtLedgerV1,struct,aidens-contracts,crates/aidens-contracts/src/proof.rs,149,local_def,
ProofWaiverReceiptV1,struct,aidens-contracts,crates/aidens-contracts/src/proof.rs,243,local_def,
PromotionEligibilityReportV1,struct,aidens-contracts,crates/aidens-contracts/src/proof.rs,275,local_def,
ProviderRouteKindV1,enum,aidens-contracts,crates/aidens-contracts/src/provider.rs,9,local_def,
ProviderRouteReportV1,struct,aidens-contracts,crates/aidens-contracts/src/provider.rs,42,local_def,
ProviderBackendStatusV1,enum,aidens-contracts,crates/aidens-contracts/src/provider.rs,92,local_def,
ProviderBackendMatrixEntryV1,struct,aidens-contracts,crates/aidens-contracts/src/provider.rs,111,local_def,
ProviderBackendMatrixV1,struct,aidens-contracts,crates/aidens-contracts/src/provider.rs,131,local_def,
ProviderReadinessReportV1,struct,aidens-contracts,crates/aidens-contracts/src/provider.rs,155,local_def,
ProviderReadinessReportDraftV1,struct,aidens-contracts,crates/aidens-contracts/src/provider.rs,170,local_def,
ProviderRouteReportV2,struct,aidens-contracts,crates/aidens-contracts/src/provider.rs,199,local_def,
ProviderRouteReportDraftV2,struct,aidens-contracts,crates/aidens-contracts/src/provider.rs,217,local_def,
ProviderCertificationFixtureV1,struct,aidens-contracts,crates/aidens-contracts/src/provider.rs,263,local_def,
ProviderCertificationFixtureDraftV1,struct,aidens-contracts,crates/aidens-contracts/src/provider.rs,277,local_def,
ReleaseSurfaceStateV1,enum,aidens-contracts,crates/aidens-contracts/src/release_completion.rs,9,local_def,
ReleaseSurfaceV1,struct,aidens-contracts,crates/aidens-contracts/src/release_completion.rs,18,local_def,
PublicDocFindingV1,struct,aidens-contracts,crates/aidens-contracts/src/release_completion.rs,47,local_def,
ExampleAppEntryV1,struct,aidens-contracts,crates/aidens-contracts/src/release_completion.rs,73,local_def,
ExampleAppManifestV1,struct,aidens-contracts,crates/aidens-contracts/src/release_completion.rs,120,local_def,
InstallSmokeStepV1,struct,aidens-contracts,crates/aidens-contracts/src/release_completion.rs,164,local_def,
InstallSmokeReportV1,struct,aidens-contracts,crates/aidens-contracts/src/release_completion.rs,201,local_def,
OperatorStatusReportV1,struct,aidens-contracts,crates/aidens-contracts/src/release_completion.rs,230,local_def,
ReleaseReadinessReportV1,struct,aidens-contracts,crates/aidens-contracts/src/release_completion.rs,299,local_def,
CompletionAuditStateV1,enum,aidens-contracts,crates/aidens-contracts/src/release_completion.rs,364,local_def,
PassCompletionStateV1,enum,aidens-contracts,crates/aidens-contracts/src/release_completion.rs,373,local_def,
GateCommandStatusV1,enum,aidens-contracts,crates/aidens-contracts/src/release_completion.rs,383,local_def,
GateCommandResultV1,struct,aidens-contracts,crates/aidens-contracts/src/release_completion.rs,391,local_def,
ReleaseArtifactKindV1,enum,aidens-contracts,crates/aidens-contracts/src/release_completion.rs,469,local_def,
ReleaseArtifactEntryV1,struct,aidens-contracts,crates/aidens-contracts/src/release_completion.rs,483,local_def,
ReleaseArtifactManifestV1,struct,aidens-contracts,crates/aidens-contracts/src/release_completion.rs,529,local_def,
CrossPassTraceabilityRowV1,struct,aidens-contracts,crates/aidens-contracts/src/release_completion.rs,578,local_def,
CrossPassTraceabilityMatrixV1,struct,aidens-contracts,crates/aidens-contracts/src/release_completion.rs,662,local_def,
KnownLimitationV1,struct,aidens-contracts,crates/aidens-contracts/src/release_completion.rs,709,local_def,
KnownLimitationsRegisterV1,struct,aidens-contracts,crates/aidens-contracts/src/release_completion.rs,788,local_def,
RegressionDebtStatusV1,enum,aidens-contracts,crates/aidens-contracts/src/release_completion.rs,836,local_def,
RegressionDebtItemV1,struct,aidens-contracts,crates/aidens-contracts/src/release_completion.rs,844,local_def,
RegressionDebtLedgerV1,struct,aidens-contracts,crates/aidens-contracts/src/release_completion.rs,894,local_def,
CompletionAuditReportV1,struct,aidens-contracts,crates/aidens-contracts/src/release_completion.rs,934,local_def,
V11ActivationLevelV1,enum,aidens-contracts,crates/aidens-contracts/src/reserved_v11.rs,9,local_def,
ExternalAdmissionDispositionV1,enum,aidens-contracts,crates/aidens-contracts/src/reserved_v11.rs,37,local_def,
ExternalArtifactAdmissionDecisionV1,struct,aidens-contracts,crates/aidens-contracts/src/reserved_v11.rs,45,local_def,
AdvisorySystemKindV1,enum,aidens-contracts,crates/aidens-contracts/src/reserved_v11.rs,89,local_def,
AdvisorySystemPromotionGuardV1,struct,aidens-contracts,crates/aidens-contracts/src/reserved_v11.rs,97,local_def,
RegionGraphKindV1,enum,aidens-contracts,crates/aidens-contracts/src/reserved_v11.rs,128,local_def,
RegionNodeKindV1,enum,aidens-contracts,crates/aidens-contracts/src/reserved_v11.rs,156,local_def,
RegionNodeV1,struct,aidens-contracts,crates/aidens-contracts/src/reserved_v11.rs,165,local_def,
RegionEdgeV1,struct,aidens-contracts,crates/aidens-contracts/src/reserved_v11.rs,192,local_def,
RegionHyperedgeV1,struct,aidens-contracts,crates/aidens-contracts/src/reserved_v11.rs,215,local_def,
RegionFactorV1,struct,aidens-contracts,crates/aidens-contracts/src/reserved_v11.rs,234,local_def,
RegionContractV1,struct,aidens-contracts,crates/aidens-contracts/src/reserved_v11.rs,262,local_def,
RegionBoundaryMessageV1,struct,aidens-contracts,crates/aidens-contracts/src/reserved_v11.rs,339,local_def,
RegionBoundaryReceiptV1,struct,aidens-contracts,crates/aidens-contracts/src/reserved_v11.rs,408,local_def,
RegionBoundaryReceiptDispositionV1,enum,aidens-contracts,crates/aidens-contracts/src/reserved_v11.rs,432,local_def,
CompiledRegionGraphV1,struct,aidens-contracts,crates/aidens-contracts/src/reserved_v11.rs,516,local_def,
KernelStopRuleReportV1,struct,aidens-contracts,crates/aidens-contracts/src/reserved_v11.rs,619,local_def,
KernelResidualReportV1,struct,aidens-contracts,crates/aidens-contracts/src/reserved_v11.rs,656,local_def,
KernelSyndromeKindDisplayV1,enum,aidens-contracts,crates/aidens-contracts/src/reserved_v11.rs,733,local_def,
KernelSyndromeReportV1,struct,aidens-contracts,crates/aidens-contracts/src/reserved_v11.rs,740,local_def,
OracleAgreementV1,enum,aidens-contracts,crates/aidens-contracts/src/reserved_v11.rs,814,local_def,
OracleSliceRequestV1,struct,aidens-contracts,crates/aidens-contracts/src/reserved_v11.rs,820,local_def,
ConvergenceReportV1,struct,aidens-contracts,crates/aidens-contracts/src/reserved_v11.rs,884,local_def,
KernelRunDisplayReportV1,struct,aidens-contracts,crates/aidens-contracts/src/reserved_v11.rs,973,local_def,
SubtractionOperatorV1,enum,aidens-contracts,crates/aidens-contracts/src/reserved_v11.rs,1084,local_def,
PreservedInvariantV1,enum,aidens-contracts,crates/aidens-contracts/src/reserved_v11.rs,1098,local_def,
InvariantBudgetV1,struct,aidens-contracts,crates/aidens-contracts/src/reserved_v11.rs,1108,local_def,
SupportCoreV1,struct,aidens-contracts,crates/aidens-contracts/src/reserved_v11.rs,1204,local_def,
RemovalFrontierV1,struct,aidens-contracts,crates/aidens-contracts/src/reserved_v11.rs,1268,local_def,
SubtractionPlanV1,struct,aidens-contracts,crates/aidens-contracts/src/reserved_v11.rs,1391,local_def,
HistoryPreservationReportV1,struct,aidens-contracts,crates/aidens-contracts/src/reserved_v11.rs,1476,local_def,
CompactionReportV1,struct,aidens-contracts,crates/aidens-contracts/src/reserved_v11.rs,1551,local_def,
CapabilityStateV1,enum,aidens-contracts,crates/aidens-contracts/src/reserved_v11.rs,1614,local_def,
RuntimeCapabilityTruthV1,struct,aidens-contracts,crates/aidens-contracts/src/reserved_v11.rs,1637,local_def,
ToolSchemaV1,struct,aidens-contracts,crates/aidens-contracts/src/reserved_v11.rs,1644,local_def,
ToolDescriptorV1,struct,aidens-contracts,crates/aidens-contracts/src/reserved_v11.rs,1661,local_def,
ToolProviderSchemaV1,struct,aidens-contracts,crates/aidens-contracts/src/reserved_v11.rs,1690,local_def,
ToolExposurePlanV1,struct,aidens-contracts,crates/aidens-contracts/src/reserved_v11.rs,1722,local_def,
ToolExposurePlanV2,type,aidens-contracts,crates/aidens-contracts/src/reserved_v11.rs,1751,local_def,
ToolExposureSetV1,type,aidens-contracts,crates/aidens-contracts/src/reserved_v11.rs,1753,local_def,
BoundaryRepairReportV1,struct,aidens-contracts,crates/aidens-contracts/src/schema_catalog.rs,4,local_def,
DisplayDigestV1,struct,aidens-contracts,crates/aidens-contracts/src/schema_catalog.rs,18,local_def,
DuplicateKeyFindingV1,struct,aidens-contracts,crates/aidens-contracts/src/schema_catalog.rs,82,local_def,
JsonBoundaryRepairDisplayReportV1,struct,aidens-contracts,crates/aidens-contracts/src/schema_catalog.rs,111,local_def,
SchemaValidationReportV1,struct,aidens-contracts,crates/aidens-contracts/src/schema_catalog.rs,192,local_def,
BoundaryCompileRequestV1,struct,aidens-contracts,crates/aidens-contracts/src/schema_catalog.rs,261,local_def,
BoundaryCompileOutcomeV1,struct,aidens-contracts,crates/aidens-contracts/src/schema_catalog.rs,306,local_def,
ArtifactFamilyRegistryV1,struct,aidens-contracts,crates/aidens-contracts/src/schema_catalog.rs,349,local_def,
SchemaRegistryGovernanceStatusV1,enum,aidens-contracts,crates/aidens-contracts/src/schema_catalog.rs,363,local_def,
ArtifactFamilyRegistrationV1,struct,aidens-contracts,crates/aidens-contracts/src/schema_catalog.rs,405,local_def,
SchemaFamilyAdmissionV1,enum,aidens-contracts,crates/aidens-contracts/src/schema_catalog.rs,423,local_def,
GeneratedSchemaManifestV1,struct,aidens-contracts,crates/aidens-contracts/src/schema_catalog.rs,497,local_def,
GeneratedSchemaEntryV1,struct,aidens-contracts,crates/aidens-contracts/src/schema_catalog.rs,529,local_def,
GeneratedSchemaDocumentV1,struct,aidens-contracts,crates/aidens-contracts/src/schema_catalog.rs,541,local_def,
SchemaCompatibilityModeV1,enum,aidens-contracts,crates/aidens-contracts/src/schema_catalog.rs,575,local_def,
SchemaChangeClassV1,enum,aidens-contracts,crates/aidens-contracts/src/schema_catalog.rs,595,local_def,
SchemaCompatibilityCheckV1,struct,aidens-contracts,crates/aidens-contracts/src/schema_catalog.rs,603,local_def,
SchemaCompatibilityReportV1,struct,aidens-contracts,crates/aidens-contracts/src/schema_catalog.rs,652,local_def,
SchemaPathCollisionFindingV1,struct,aidens-contracts,crates/aidens-contracts/src/schema_catalog.rs,672,local_def,
MigrationPhaseV1,enum,aidens-contracts,crates/aidens-contracts/src/schema_catalog.rs,741,local_def,
MigrationPlanV1,struct,aidens-contracts,crates/aidens-contracts/src/schema_catalog.rs,749,local_def,
BackfillReportV1,struct,aidens-contracts,crates/aidens-contracts/src/schema_catalog.rs,787,local_def,
ReferenceDomainV1,enum,aidens-contracts,crates/aidens-contracts/src/schema_catalog.rs,827,local_def,
ReferenceCaseV1,struct,aidens-contracts,crates/aidens-contracts/src/schema_catalog.rs,858,local_def,
DifferentialConformanceFindingV1,struct,aidens-contracts,crates/aidens-contracts/src/schema_catalog.rs,935,local_def,
ReferenceInterpreterReportV1,struct,aidens-contracts,crates/aidens-contracts/src/schema_catalog.rs,978,local_def,
GoldenFixtureManifestV1,struct,aidens-contracts,crates/aidens-contracts/src/schema_catalog.rs,1055,local_def,
SemanticExactnessV1,enum,aidens-contracts,crates/aidens-contracts/src/semantic.rs,10,local_def,
SemanticStateV1,struct,aidens-contracts,crates/aidens-contracts/src/semantic.rs,18,local_def,
SemanticContradictionRecordV1,struct,aidens-contracts,crates/aidens-contracts/src/semantic.rs,129,local_def,
ExecutionContaminationRecordV1,struct,aidens-contracts,crates/aidens-contracts/src/semantic.rs,180,local_def,
ViewDisclosureV1,struct,aidens-contracts,crates/aidens-contracts/src/semantic.rs,223,local_def,
LocalDegradationRecordV1,struct,aidens-contracts,crates/aidens-contracts/src/semantic.rs,260,local_def,
RepoReadReportV1,struct,aidens-contracts,crates/aidens-contracts/src/tool_artifacts.rs,8,local_def,
RepoListEntryV1,struct,aidens-contracts,crates/aidens-contracts/src/tool_artifacts.rs,69,local_def,
RepoListReportV1,struct,aidens-contracts,crates/aidens-contracts/src/tool_artifacts.rs,76,local_def,
PatchProposalV1,struct,aidens-contracts,crates/aidens-contracts/src/tool_artifacts.rs,175,local_def,
PatchApplyReportV1,struct,aidens-contracts,crates/aidens-contracts/src/tool_artifacts.rs,210,local_def,
CommandRunReportV1,struct,aidens-contracts,crates/aidens-contracts/src/tool_artifacts.rs,361,local_def,
SandboxCapabilityTruthV1,struct,aidens-contracts,crates/aidens-contracts/src/tool_artifacts.rs,450,local_def,
CodexPacketV1,struct,aidens-contracts,crates/aidens-contracts/src/tool_artifacts.rs,495,local_def,
CodexPacketInputV1,struct,aidens-contracts,crates/aidens-contracts/src/tool_artifacts.rs,512,local_def,
RuntimeViewModeV1,enum,aidens-contracts,crates/aidens-contracts/src/view_runtime.rs,9,local_def,
RuntimeTimeScopeModeV1,enum,aidens-contracts,crates/aidens-contracts/src/view_runtime.rs,35,local_def,
RuntimeTimeScopeV1,struct,aidens-contracts,crates/aidens-contracts/src/view_runtime.rs,41,local_def,
IdentityExpansionPolicyV1,enum,aidens-contracts,crates/aidens-contracts/src/view_runtime.rs,75,local_def,
QueryWideningKindV1,enum,aidens-contracts,crates/aidens-contracts/src/view_runtime.rs,82,local_def,
RetrievalPolicyV1,struct,aidens-contracts,crates/aidens-contracts/src/view_runtime.rs,90,local_def,
RuntimeViewRequestV1,struct,aidens-contracts,crates/aidens-contracts/src/view_runtime.rs,184,local_def,
QueryWideningReportV1,struct,aidens-contracts,crates/aidens-contracts/src/view_runtime.rs,248,local_def,
DegradationEventV1,struct,aidens-contracts,crates/aidens-contracts/src/view_runtime.rs,299,local_def,
ProjectionDigestV1,struct,aidens-contracts,crates/aidens-contracts/src/view_runtime.rs,351,local_def,
ViewDisclosureReportV1,struct,aidens-contracts,crates/aidens-contracts/src/view_runtime.rs,419,local_def,
